Interactome,Protein
A,"JAK2,IGHA2,JCHAIN"
B,"HPR,HP"
C,"TMEM185A,FYN"
D,"APOC2,APOE,C9"
E,"COL8A1,COL2A1,C1QC"
F,"IGLL5,HBB"
G,"C1S,C1R,C1RL"
H,"PON1,PON3"
I,"CES2,SERPINF2"
J,"C1QA,NELFA,MCM9"
K,"PZP,A2M"
L,"IGHM,GCN1"
M,"BCHE,FBLN1,DEFA1,COCH,SERPINA6,SERPINA1"
N,"PLTP,UGT8,KLRC4"
O,"STEAP3,APOA2"
P,"SAA2,SAA1,YLPM1"
Q,"IGHG4,IGHG1,IGHG3,IGHG2,APOD,AZGP1"
R,"GC,ACTB,GSN"
S,"F9,ERF,SERPINA7"
T,"PROS1,C4BPB"
U,"ECM1,FN1,C1QB"
V,"BTD,SERPINC1,SUCLG1,TEX15"
W,"PRPH2,NCAM1"
X,"RPIA,IGKC"
Y,"FGG,RABGEF1"
Z,"ORM1,ORM2"
AA,"LILRB4,CLU"
