Category,source,term_name,Color,GO Link,Hits,Nodes,Hits,Nodes,Adjusted p-value,intersections
GO:0072562,GO:CC,blood microparticle,"hsl(160,50%,50%)",,24,61,144,14543,2.19E-31,"IGHA1,ALB,HPX,APOA4,GC,CD5L,ITIH4,C9,IGHG4,A2M,F2,TF,GSN,APOA1,CLU,AMBP,CFH,IGHG1,IGKV3-11,ORM2,AFM,KNG1,HP,C4BPA,IGHM,AGT,C4B,APOA2,KRT1,APOE,SERPING1,C3,SERPINA3,C4A,PLG,PZP,CP,ITIH2,ACTB,FGA,FGG,APOL1,C1QB,IGHG2,FN1,ZNF177,IGKV4-1,IGHV3-13,IGLV1-47,IGKV3-20,CPN2,VTN,IGKV2D-40,SERPINF2,C8G,IGLV3-21,IGKV2D-28,AHSG,BCHE,IGLV3-25,ITIH1,C1S,PON1,CFB,CFHR1,HBD,PROS1,SERPINC1,C8A,JCHAIN,APCS,IGLC3,IGKV1D-12,FCN3,A1BG,C1QC,HPR,IGHV3-7,ORM1,HRG,IGHA2,HBB"
GO:0005576,GO:CC,extracellular region,"hsl(170,50%,50%)",,36,61,1888,14543,4.69E-17,"IGHA1,ALB,PPP2R1A,HPX,LILRB4,APOA4,GC,CD5L,ITIH4,RFC1,C9,IGHG4,APOD,A2M,APOC4,GPX3,F2,TF,C7,PF4,GSN,CPB2,APOA1,CFI,VWF,SAA2,CLU,AMBP,SERPINB5,F9,CFH,IGHV3-15,NCAM1,IGHG1,IGKV3-11,ORM2,AFM,PON3,COL8A1,KNG1,HP,C4BPA,CNDP1,CFHR2,IGHM,LPA,COCH,AGT,SAA1,TTR,PPBP,C4BPB,C4B,APOH,APOA2,IGHV4-28,KRT1,APOE,FBLN1,KRT10,PF4V1,SERPING1,SAA4,C3,C5,APOF,SERPINA3,C4A,PLG,PGLYRP2,IGHV7-4-1,HMCN1,PZP,CP,IGFALS,ITIH2,ACTB,LUM,SELENOP,FGA,FGG,SERPINA1,TTN,APOC2,KRT6B,MAMDC2,ECM1,APOL1,C1QB,CES2,IGKV1D-16,IGHG2,PROC,FN1,IGKV2-24,KRT77,IQCG,GP1BA,IGLL5,ZNF177,IGKV1-8,F10,IGKV4-1,IGHV3-13,IGLV1-47,IGKV3-20,C6,CPN2,XDH,IGHV4-61,VTN,APOC1,ADIPOQ,IGF2,IGHV3-74,MUC16,IGKV2D-40,SERPINF2,IGKV2-28,AZGP1,CA1,IGLV3-10,ITIH3,SEMA4D,C8G,IGLV3-21,CLEC3B,IGKV2D-28,IGKV3D-15,LRG1,FLOT2,RELN,PROZ,AHSG,CDH1,GFPT1,BCHE,IGHV3-38,FCMR,CFL1,VMO1,IGLV3-25,ITIH1,IGHV4-34,C1S,FTCD,PON1,IGLV3-9,CFB,IGKV1-9,ITGAL,IGHV3-35,PLTP,SERPINF1,APOM,IGLV7-46,IGLV3-19,SETX,CFHR1,CFP,APOB,F13B,THBS1,F5,CPN1,HBD,PEBP1,CEP164,LCAT,KRT71,SERPINA7,COL2A1,PROS1,BTD,C2,IGHV6-1,KRT76,KRT9,SERPINC1,APOC3,C8A,C1RL,JCHAIN,PLCB1,ATRN,APCS,MMP28,LBP,SERPIND1,IGLV1-44,KLKB1,KRT17,IGHV3-72,IGHV3-66,SHBG,IGKV1D-43,IGLV1-40,IGLC3,IGKV1D-12,EIF3B,HABP2,C1QA,FCN3,SIRPA,IGHV3-64,TLE2,IGHV5-51,IGHV3-73,IGHV4-30-2,A1BG,C1QC,C8B,NPHS1,HPR,F12,IGHV3-7,ORM1,SERPINA6,IGHV3-30-5,SI,C15ORF61,IGHV4-39,SERPINA4,IGHV1-2,RBP4,HRG,IGHA2,HBB"
GO:0005615,GO:CC,extracellular space,"hsl(180,50%,50%)",,34,61,1771,14543,5.50E-16,"IGHA1,ALB,PPP2R1A,HPX,LILRB4,APOA4,GC,CD5L,ITIH4,RFC1,C9,IGHG4,APOD,A2M,APOC4,GPX3,F2,TF,C7,PF4,GSN,CPB2,APOA1,CFI,VWF,SAA2,CLU,AMBP,SERPINB5,F9,CFH,IGHV3-15,IGHG1,IGKV3-11,ORM2,AFM,PON3,COL8A1,KNG1,HP,C4BPA,IGHM,LPA,COCH,AGT,SAA1,TTR,PPBP,C4BPB,C4B,APOH,APOA2,IGHV4-28,KRT1,APOE,FBLN1,KRT10,PF4V1,SERPING1,SAA4,C3,C5,APOF,SERPINA3,C4A,PLG,PGLYRP2,IGHV7-4-1,HMCN1,PZP,CP,IGFALS,ITIH2,ACTB,LUM,SELENOP,FGA,FGG,SERPINA1,TTN,APOC2,KRT6B,ECM1,APOL1,C1QB,CES2,IGKV1D-16,IGHG2,PROC,FN1,IGKV2-24,KRT77,IQCG,GP1BA,IGLL5,ZNF177,IGKV1-8,F10,IGKV4-1,IGHV3-13,IGLV1-47,IGKV3-20,C6,CPN2,XDH,IGHV4-61,VTN,APOC1,ADIPOQ,IGF2,IGHV3-74,MUC16,IGKV2D-40,SERPINF2,IGKV2-28,AZGP1,CA1,IGLV3-10,ITIH3,SEMA4D,C8G,IGLV3-21,CLEC3B,IGKV2D-28,IGKV3D-15,LRG1,FLOT2,RELN,PROZ,AHSG,CDH1,GFPT1,BCHE,IGHV3-38,CFL1,VMO1,IGLV3-25,ITIH1,IGHV4-34,C1S,FTCD,PON1,IGLV3-9,CFB,IGKV1-9,ITGAL,IGHV3-35,PLTP,SERPINF1,APOM,IGLV7-46,IGLV3-19,CFHR1,CFP,APOB,THBS1,F5,CPN1,HBD,PEBP1,CEP164,LCAT,KRT71,SERPINA7,COL2A1,PROS1,BTD,C2,IGHV6-1,KRT76,KRT9,SERPINC1,APOC3,C8A,C1RL,JCHAIN,PLCB1,ATRN,APCS,MMP28,LBP,SERPIND1,IGLV1-44,KLKB1,KRT17,IGHV3-72,IGHV3-66,SHBG,IGKV1D-43,IGLV1-40,IGLC3,IGKV1D-12,EIF3B,HABP2,C1QA,FCN3,SIRPA,IGHV3-64,TLE2,IGHV5-51,IGHV3-73,IGHV4-30-2,A1BG,C1QC,C8B,NPHS1,HPR,F12,IGHV3-7,ORM1,SERPINA6,IGHV3-30-5,SI,IGHV4-39,SERPINA4,IGHV1-2,RBP4,HRG,IGHA2,HBB"
GO:0030449,GO:BP,regulation of complement activation,"hsl(190,50%,50%)",,12,61,108,14543,6.84E-14,"CD5L,C9,IGHG4,A2M,F2,C7,CPB2,CFI,CLU,CFH,IGHG1,IGKV3-11,C4BPA,CFHR2,C4BPB,C4B,SERPING1,C3,C5,C4A,C1QB,IGKV1D-16,IGHG2,IGKV4-1,IGHV3-13,IGLV1-47,IGKV3-20,C6,CPN2,VTN,IGKV2D-40,IGKV2-28,C8G,IGLV3-21,IGKV2D-28,IGLV3-25,IGHV4-34,C1S,CFB,IGLV3-19,CFHR1,CFP,CPN1,PROS1,C2,C8A,IGLV1-44,IGLV1-40,IGLC3,IGKV1D-12,C1QA,C1QC,C8B,IGHV3-7,IGHV3-30-5,IGHV4-39,IGHV1-2"
GO:0070062,GO:CC,extracellular exosome,"hsl(200,50%,50%)",,34,61,2162,14543,2.06E-13,"IGHA1,ALB,PPP2R1A,HPX,LILRB4,APOA4,GC,ITIH4,RFC1,C9,IGHG4,APOD,A2M,GPX3,F2,TF,C7,GSN,CPB2,APOA1,CFI,VWF,SAA2,CLU,AMBP,F9,CFH,IGHG1,IGKV3-11,ORM2,AFM,PON3,KNG1,HP,IGHM,AGT,SAA1,TTR,C4B,APOH,APOA2,KRT1,APOE,FBLN1,KRT10,SERPING1,SAA4,C3,C5,SERPINA3,C4A,PLG,PGLYRP2,HMCN1,PZP,CP,IGFALS,ITIH2,ACTB,LUM,SELENOP,FGA,FGG,SERPINA1,TTN,KRT6B,ECM1,IGHG2,FN1,KRT77,IQCG,GP1BA,IGLL5,IGKV3-20,C6,CPN2,VTN,MUC16,IGKV2D-40,SERPINF2,AZGP1,CA1,ITIH3,C8G,IGLV3-21,CLEC3B,IGKV2D-28,LRG1,FLOT2,PROZ,AHSG,CDH1,GFPT1,CFL1,VMO1,ITIH1,FTCD,PON1,CFB,ITGAL,SERPINF1,IGLV3-19,APOB,THBS1,PEBP1,LCAT,KRT71,SERPINA7,PROS1,BTD,C2,KRT76,KRT9,SERPINC1,APOC3,C8A,C1RL,JCHAIN,PLCB1,ATRN,APCS,LBP,SERPIND1,KLKB1,KRT17,SHBG,IGLC3,IGKV1D-12,EIF3B,SIRPA,A1BG,C8B,NPHS1,HPR,F12,IGHV3-7,ORM1,SERPINA6,SI,SERPINA4,RBP4,HRG,IGHA2,HBB"
GO:0006958,GO:BP,"complement activation, classical pathway","hsl(210,50%,50%)",,11,61,137,14543,2.22E-11,"IGHA1,C9,IGHG4,C7,CFI,CLU,IGHV3-15,IGHG1,IGKV3-11,C4BPA,IGHM,C4BPB,C4B,IGHV4-28,SERPING1,C3,C5,C4A,IGHV7-4-1,C1QB,IGKV1D-16,IGHG2,IGLL5,IGKV4-1,IGHV3-13,IGLV1-47,IGKV3-20,C6,IGHV4-61,IGHV3-74,IGKV2D-40,IGKV2-28,C8G,IGLV3-21,IGKV2D-28,IGHV3-38,IGLV3-25,IGHV4-34,C1S,IGHV3-35,IGLV3-19,C2,IGHV6-1,C8A,C1RL,APCS,IGLV1-44,IGHV3-72,IGHV3-66,IGLV1-40,IGLC3,IGKV1D-12,C1QA,IGHV3-64,IGHV5-51,IGHV3-73,IGHV4-30-2,C1QC,C8B,C1R,IGHV3-7,IGHV3-30-5,IGHV4-39,IGHV1-2,IGHA2"
GO:0062023,GO:CC,collagen-containing extracellular matrix,"hsl(220,50%,50%)",,15,61,364,14543,3.05E-11,"HPX,APOA4,ITIH4,A2M,F2,PF4,APOA1,VWF,CLU,AMBP,F9,NCAM1,ORM2,COL8A1,KNG1,COCH,AGT,APOH,KRT1,APOE,FBLN1,SERPING1,SERPINA3,PLG,HMCN1,PZP,ITIH2,LUM,FGA,FGG,SERPINA1,ECM1,C1QB,FN1,VTN,ADIPOQ,SERPINF2,AZGP1,CLEC3B,AHSG,ITIH1,SERPINF1,CFP,THBS1,COL2A1,SERPINC1,APOC3,APCS,MMP28,C1QA,A1BG,C1QC,F12,ORM1,HRG"
GO:0002576,GO:BP,platelet degranulation,"hsl(230,50%,50%)",,9,61,124,14543,3.97E-09,"ALB,ITIH4,A2M,TF,PF4,APOA1,VWF,CLU,ORM2,KNG1,PPBP,APOH,SERPING1,SERPINA3,PLG,SELENOP,FGA,FGG,SERPINA1,TTN,ECM1,FN1,IGF2,SERPINF2,ITIH3,CLEC3B,AHSG,THBS1,F5,PROS1,A1BG,ORM1,SERPINA4,HRG"
GO:0006953,GO:BP,acute-phase response,"hsl(240,50%,50%)",,6,61,37,14543,2.34E-08,"ITIH4,F2,SAA2,ORM2,HP,SAA1,SAA4,SERPINA3,SERPINA1,FN1,SERPINF2,AHSG,APCS,LBP,ORM1"
GO:0034364,GO:CC,high-density lipoprotein particle,"hsl(250,50%,50%)",,5,61,23,14543,1.03E-07,"APOA4,APOC4,APOA1,SAA2,CLU,SAA1,APOH,APOA2,APOE,SAA4,APOF,APOC2,APOL1,APOC1,PON1,PLTP,APOM,APOB,LCAT,APOC3,HPR"
GO:0031093,GO:CC,platelet alpha granule lumen,"hsl(270,50%,50%)",,6,61,67,14543,6.02E-07,"ALB,A2M,PF4,VWF,CLU,ORM2,KNG1,PPBP,SERPING1,SERPINA3,PLG,FGA,FGG,SERPINA1,FN1,IGF2,SERPINF2,AHSG,THBS1,F5,PROS1,A1BG,ORM1,HRG"
GO:0071682,GO:CC,endocytic vesicle lumen,"hsl(280,50%,50%)",,4,61,16,14543,1.36E-06,"HPX,APOA1,HP,SAA1,APOE,APOB,HBB"
GO:0007597,GO:BP,"blood coagulation, intrinsic pathway","hsl(290,50%,50%)",,4,61,17,14543,1.68E-06,"A2M,F2,VWF,F9,KNG1,APOH,SERPING1,GP1BA,SERPINC1,KLKB1,F12"
GO:0006956,GO:BP,complement activation,"hsl(20,50%,50%)",,6,61,89,14543,2.93E-06,"IGHA1,CD5L,C9,IGHG4,A2M,F2,C7,CPB2,CFI,CLU,CFH,IGHV3-15,IGHG1,IGKV3-11,C4BPA,CFHR2,IGHM,C4BPB,C4B,IGHV4-28,KRT1,SERPING1,C3,C5,C4A,IGHV7-4-1,C1QB,IGKV1D-16,IGHG2,IGLL5,IGKV4-1,IGHV3-13,IGLV1-47,IGKV3-20,C6,CPN2,IGHV4-61,VTN,IGHV3-74,IGKV2D-40,IGKV2-28,C8G,IGLV3-21,IGKV2D-28,IGHV3-38,IGLV3-25,IGHV4-34,C1S,CFB,IGHV3-35,IGLV3-19,CFHR1,CFP,CPN1,PROS1,C2,IGHV6-1,C8A,C1RL,APCS,IGLV1-44,IGHV3-72,IGHV3-66,IGLV1-40,IGLC3,IGKV1D-12,C1QA,FCN3,IGHV3-64,IGHV5-51,IGHV3-73,IGHV4-30-2,C1QC,C8B,C1R,IGHV3-7,IGHV3-30-5,IGHV4-39,IGHV1-2,IGHA2"
GO:0006911,GO:BP,"phagocytosis, engulfment","hsl(30,50%,50%)",,6,61,93,14543,3.75E-06,"IGHA1,IGHG4,GSN,IGHV3-15,IGHG1,IGHM,IGHV4-28,C3,IGHV7-4-1,IGHG2,IGLL5,IGHV3-13,IGHV4-61,IGHV3-74,IGHV3-38,IGHV4-34,IGHV3-35,THBS1,IGHV6-1,IGHV3-72,IGHV3-66,IGLC3,IGHV3-64,IGHV5-51,IGHV3-73,IGHV4-30-2,IGHV3-7,IGHV3-30-5,IGHV4-39,IGHV1-2,IGHA2"
GO:0042571,GO:CC,"immunoglobulin complex, circulating","hsl(40,50%,50%)",,5,61,70,14543,1.64E-05,"IGHA1,IGHG4,IGHV3-15,IGHG1,IGHM,IGHV4-28,IGHV7-4-1,IGHG2,IGLL5,IGHV3-13,IGKV3-20,IGHV4-61,IGHV3-74,IGHV3-38,IGHV4-34,IGHV3-35,IGHV6-1,JCHAIN,IGHV3-72,IGHV3-66,IGLC3,IGHV3-64,IGHV5-51,IGHV3-73,IGHV4-30-2,IGHV3-7,IGHV3-30-5,IGHV4-39,IGHV1-2,IGHA2"
GO:0010873,GO:BP,positive regulation of cholesterol esterification,"hsl(50,50%,50%)",,3,61,9,14543,1.65E-05,"APOA4,APOA1,AGT,APOA2,APOE,APOC1"
GO:0042742,GO:BP,defense response to bacterium,"hsl(60,50%,50%)",,7,61,189,14543,1.86E-05,"IGHA1,IGHG4,F2,IGHV3-15,IGHG1,HP,IGHM,COCH,PPBP,IGHV4-28,PGLYRP2,IGHV7-4-1,FGA,IGHG2,IGLL5,IGHV3-13,IGKV3-20,IGHV4-61,IGHV3-74,IGHV3-38,IGHV4-34,IGHV3-35,CFP,IGHV6-1,JCHAIN,LBP,IGHV3-72,IGHV3-66,IGLC3,IGHV3-64,IGHV5-51,IGHV3-73,IGHV4-30-2,IGHV3-7,IGHV3-30-5,IGHV4-39,IGHV1-2,IGHA2"
GO:0034987,GO:MF,immunoglobulin receptor binding,"hsl(70,50%,50%)",,5,61,75,14543,2.28E-05,"IGHA1,IGHG4,IGHV3-15,IGHG1,IGHM,IGHV4-28,IGHV7-4-1,IGHG2,IGLL5,IGHV3-13,IGHV4-61,IGHV3-74,IGHV3-38,IGHV4-34,IGHV3-35,IGHV6-1,JCHAIN,IGHV3-72,IGHV3-66,IGLC3,IGHV3-64,IGHV5-51,IGHV3-73,IGHV4-30-2,IGHV3-7,IGHV3-30-5,IGHV4-39,IGHV1-2,IGHA2"
GO:0050871,GO:BP,positive regulation of B cell activation,"hsl(80,50%,50%)",,5,61,75,14543,2.29E-05,"IGHA1,IGHG4,IGHV3-15,IGHG1,IGHM,IGHV4-28,IGHV7-4-1,IGHG2,IGLL5,IGHV3-13,IGHV4-61,IGHV3-74,IGHV3-38,IGHV4-34,IGHV3-35,IGHV6-1,INPP5D,IGHV3-72,IGHV3-66,IGLC3,IGHV3-64,IGHV5-51,IGHV3-73,IGHV4-30-2,IGHV3-7,IGHV3-30-5,IGHV4-39,IGHV1-2,IGHA2"
GO:0006910,GO:BP,"phagocytosis, recognition","hsl(90,50%,50%)",,5,61,77,14543,2.60E-05,"IGHA1,IGHG4,IGHV3-15,IGHG1,IGHM,IGHV4-28,IGHV7-4-1,IGHG2,IGLL5,IGHV3-13,IGHV4-61,IGHV3-74,IGHV3-38,IGHV4-34,IGHV3-35,IGHV6-1,IGHV3-72,IGHV3-66,IGLC3,FCN3,IGHV3-64,IGHV5-51,IGHV3-73,IGHV4-30-2,IGHV3-7,IGHV3-30-5,IGHV4-39,IGHV1-2,IGHA2"
GO:0006898,GO:BP,receptor-mediated endocytosis,"hsl(100,50%,50%)",,7,61,200,14543,2.70E-05,"IGHA1,ALB,HPX,TF,APOA1,CLU,AMBP,IGKV3-11,HP,SAA1,APOE,C3,APOC2,APOL1,IGKV1D-16,IGKV4-1,IGHV3-13,IGLV1-47,IGKV3-20,VTN,APOC1,IGKV2D-40,IGKV2-28,OPHN1,IGLV3-21,IGKV2D-28,MRC1,IGLV3-25,IGHV4-34,IGLV3-19,APOB,APOC3,JCHAIN,IGLV1-44,IGLV1-40,IGLC3,IGKV1D-12,HPR,IGHV3-7,IGHV3-30-5,IGHV4-39,IGHV1-2,IGHA2,HBB"
GO:0045087,GO:BP,innate immune response,"hsl(110,50%,50%)",,10,61,468,14543,2.97E-05,"IGHA1,HPX,APOA4,C9,IGHG4,A2M,C7,GSN,CFI,CLU,CFH,IGHV3-15,NCAM1,IGHG1,C4BPA,IGHM,COCH,SAA1,C4BPB,C4B,IGHV4-28,KRT1,APOE,SERPING1,C3,C5,C4A,PGLYRP2,IGHV7-4-1,FGA,FGG,APOL1,C1QB,IGHG2,IGLL5,IGHV3-13,C6,IGHV4-61,IGHV3-74,MUC16,C8G,IGHV3-38,MRC1,IGHV4-34,C1S,CFB,IGHV3-35,CFP,APOB,FYN,C2,IGHV6-1,C8A,C1RL,JCHAIN,APCS,LBP,GFI1,IGHV3-72,PSME4,IGHV3-66,IGLC3,C1QA,FCN3,SIRPA,IGHV3-64,IGHV5-51,IGHV3-73,IGHV4-30-2,C1QC,C8B,DTX3L,F12,IGHV3-7,IGHV3-30-5,IGHV4-39,IGHV1-2,IGHA2,JAK2"
GO:0006957,GO:BP,"complement activation, alternative pathway","hsl(130,50%,50%)",,3,61,13,14543,4.34E-05,"C9,C7,CFH,C3,C5,C8G,CFB,CFP,C8A,C8B"
GO:0005788,GO:CC,endoplasmic reticulum lumen,"hsl(140,50%,50%)",,8,61,300,14543,4.66E-05,"ALB,APOA4,F2,TF,APOA1,CLU,F9,MTTP,COL8A1,KNG1,APOA2,APOE,MBTPS1,C3,C4A,CP,ITIH2,FGA,FGG,SERPINA1,APOL1,CES2,PROC,FN1,F10,VTN,PROZ,AHSG,BCHE,CFP,APOB,THBS1,F5,COL2A1,SERPINC1,SERPIND1"
GO:0003823,GO:MF,antigen binding,"hsl(150,50%,50%)",,6,61,157,14543,6.93E-05,"IGHA1,PPP2R1A,LILRB4,IGHG4,IGHV3-15,IGHG1,IGKV3-11,IGHM,IGHV4-28,PLG,IGHV7-4-1,IGKV1D-16,IGHG2,IGLL5,IGKV4-1,IGHV3-13,IGLV1-47,IGKV3-20,IGHV4-61,IGHV3-74,IGKV2D-40,IGLV3-21,IGKV2D-28,IGHV3-38,IGLV3-25,IGHV4-34,IGHV3-35,IGLV3-19,IGHV6-1,JCHAIN,IGLV1-44,IGHV3-72,IGHV3-66,IGLV1-40,IGLC3,IGKV1D-12,FCN3,SIRPA,IGHV3-64,IGHV5-51,IGHV3-73,IGHV4-30-2,IGHV3-7,IGHV3-30-5,IGHV4-39,IGHV1-2,IGHA2"
GO:0034375,GO:BP,high-density lipoprotein particle remodeling,"hsl(160,50%,50%)",,3,61,17,14543,8.90E-05,"ALB,APOA4,APOA1,APOA2,APOE,APOC2,APOC1,PLTP,APOM,LCAT,APOC3"
GO:0043691,GO:BP,reverse cholesterol transport,"hsl(170,50%,50%)",,3,61,17,14543,8.95E-05,"APOA4,APOA1,CLU,APOA2,APOE,APOC2,APOM,LCAT,APOC3"
GO:0050853,GO:BP,B cell receptor signaling pathway,"hsl(180,50%,50%)",,5,61,102,14543,9.89E-05,"IGHA1,IGHG4,IGHV3-15,IGHG1,IGHM,IGHV4-28,IGHV7-4-1,IGHG2,IGLL5,IGHV3-13,IGHV4-61,IGHV3-74,IGHV3-38,IGHV4-34,IGHV3-35,IGHV6-1,IGHV3-72,IGHV3-66,IGLC3,IGHV3-64,IGHV5-51,IGHV3-73,IGHV4-30-2,IGHV3-7,IGHV3-30-5,IGHV4-39,IGHV1-2,IGHA2"
GO:0034361,GO:CC,very-low-density lipoprotein particle,"hsl(210,50%,50%)",,3,61,20,14543,1.41E-04,"APOA4,APOC4,APOA1,APOH,APOA2,APOE,APOC2,APOL1,APOC1,APOM,APOB,APOC3"
GO:0044216,GO:CC,other organism cell,"hsl(220,50%,50%)",,2,61,3,14543,2.09E-04,"C9,C4B,PLG"
GO:0005319,GO:MF,lipid transporter activity,"hsl(240,50%,50%)",,3,61,29,14543,3.93E-04,"APOA4,APOD,APOC4,APOA1,ATP11B,MTTP,APOA2,APOE,APOF,PLTP,APOM,APOB,RBP4"
GO:0010951,GO:BP,negative regulation of endopeptidase activity,"hsl(280,50%,50%)",,5,61,143,14543,4.81E-04,"ITIH4,A2M,AMBP,SERPINB5,KNG1,LPA,AGT,C4B,SERPING1,C3,C5,SERPINA3,C4A,PZP,ITIH2,SERPINA1,VTN,SERPINF2,ITIH3,AHSG,ITIH1,SERPINF1,THBS1,PEBP1,SERPINA7,PROS1,SERPINC1,SERPIND1,SERPINA6,SERPINA4,HRG"
GO:0060228,GO:MF,phosphatidylcholine-sterol O-acyltransferase activator activity,"hsl(300,50%,50%)",,2,61,6,14543,6.13E-04,"APOA4,APOA1,APOA2,APOE,APOC1"
GO:0032374,GO:BP,regulation of cholesterol transport,"hsl(20,50%,50%)",,2,61,7,14543,7.91E-04,"APOA4,APOA1,APOA2,APOE,APOC2,APOC1,ADIPOQ,PON1,PLTP,APOC3"
GO:0005579,GO:CC,membrane attack complex,"hsl(30,50%,50%)",,2,61,7,14543,7.96E-04,"C9,C7,C5,C6,C8G,C8A,C8B"
GO:0008201,GO:MF,heparin binding,"hsl(40,50%,50%)",,5,61,163,14543,8.88E-04,"F2,PF4,CFH,KNG1,LPA,SAA1,APOH,APOE,PF4V1,FN1,VTN,CLEC3B,APOB,THBS1,SELL,SERPINC1,SERPIND1,HRG"
GO:0009897,GO:CC,external side of plasma membrane,"hsl(50,50%,50%)",,7,61,355,14543,9.97E-04,"IGHA1,IGHG4,F2,TF,IGHV3-15,NCAM1,IGHG1,IGHM,IGHV4-28,PLG,IGHV7-4-1,FGA,FGG,IGHG2,KCNJ5,GP1BA,IGLL5,F10,IGHV3-13,IGHV4-61,IGHV3-74,AZGP1,IGHV3-38,IGHV4-34,IGHV3-35,THBS1,SELL,IGHV6-1,IGHV3-72,IGHV3-66,IGLC3,IGHV3-64,IGHV5-51,IGHV3-73,IGHV4-30-2,IGHV3-7,IGHV3-30-5,IGHV4-39,IGHV1-2,IGHA2"
GO:0034366,GO:CC,spherical high-density lipoprotein particle,"hsl(60,50%,50%)",,2,61,8,14543,1.01E-03,"APOA1,CLU,APOA2,APOC2,PON1,APOM,APOC3,HPR"
GO:0004867,GO:MF,serine-type endopeptidase inhibitor activity,"hsl(80,50%,50%)",,4,61,95,14543,1.05E-03,"ITIH4,A2M,AMBP,SERPINB5,AGT,SERPING1,SERPINA3,PZP,ITIH2,SERPINA1,SERPINF2,ITIH3,ITIH1,SERPINF1,PEBP1,SERPINA7,SERPINC1,SERPIND1,SERPINA6,SERPINA4,HRG"
GO:0034371,GO:BP,chylomicron remodeling,"hsl(90,50%,50%)",,2,61,9,14543,1.26E-03,"APOA4,APOA1,APOA2,APOE,APOC2,APOB,APOC3"
GO:0034372,GO:BP,very-low-density lipoprotein particle remodeling,"hsl(100,50%,50%)",,2,61,9,14543,1.27E-03,"APOA4,APOA1,APOA2,APOE,APOC2,LCAT,APOC3"
GO:0034378,GO:BP,chylomicron assembly,"hsl(110,50%,50%)",,2,61,10,14543,1.53E-03,"APOA4,APOA1,MTTP,APOA2,APOE,APOC2,APOB,APOC3"
GO:0033700,GO:BP,phospholipid efflux,"hsl(130,50%,50%)",,2,61,12,14543,2.13E-03,"APOA4,APOA1,APOA2,APOE,APOC2,APOC1,APOC3"
GO:0034380,GO:BP,high-density lipoprotein particle assembly,"hsl(140,50%,50%)",,2,61,13,14543,2.47E-03,"APOA4,APOA1,APOA2,APOE,APOM,LCAT"
GO:0042627,GO:CC,chylomicron,"hsl(150,50%,50%)",,2,61,13,14543,2.49E-03,"APOA4,APOA1,APOH,APOA2,APOE,APOC2,APOC1,APOB,APOC3"
GO:0006869,GO:BP,lipid transport,"hsl(160,50%,50%)",,3,61,60,14543,3.32E-03,"APOA4,APOD,APOC4,APOA1,ATP11B,CLU,MTTP,LPA,AGT,APOH,APOA2,APOE,APOF,APOC2,APOL1,APOC1,ADIPOQ,PON1,PLTP,APOM,APOB,THBS1,LCAT,APOC3,LBP,RBP4"
GO:0001523,GO:BP,retinoid metabolic process,"hsl(170,50%,50%)",,3,61,63,14543,3.82E-03,"APOA4,APOA1,TTR,APOA2,APOE,APOC2,APOM,APOB,APOC3,RETSAT,RBP4"
GO:0019835,GO:BP,cytolysis,"hsl(240,50%,50%)",,2,61,19,14543,5.25E-03,"C9,F2,C7,PF4,CFHR2,C5,APOL1,C6,C8G,CFHR1,C8A,LBP,C8B,HRG"
GO:0042157,GO:BP,lipoprotein metabolic process,"hsl(260,50%,50%)",,2,61,20,14543,5.86E-03,"APOA4,APOD,APOA1,MTTP,DPM3,APOA2,APOE,APOL1,APOC1,APOM,APOB,LCAT,APOC3"
GO:0045861,GO:BP,negative regulation of proteolysis,"hsl(270,50%,50%)",,2,61,21,14543,6.45E-03,"ITIH4,A2M,F2,CPB2,AMBP,SERPINB5,KNG1,LPA,AGT,C4B,SERPING1,C3,C5,SERPINA3,C4A,PZP,ITIH2,SERPINA1,ECM1,VTN,SERPINF2,ITIH3,OPHN1,TAF9,AHSG,ITIH1,SERPINF1,THBS1,PEBP1,SERPINA7,PROS1,SERPINC1,SERPIND1,SERPINA6,SERPINA4,HRG"
GO:0033344,GO:BP,cholesterol efflux,"hsl(300,50%,50%)",,2,61,23,14543,7.80E-03,"APOA4,APOA1,APOA2,APOE,APOC2,APOC1,ADIPOQ,PON1,PLTP,APOM,APOB,APOC3"
GO:0004252,GO:MF,serine-type endopeptidase activity,"hsl(20,50%,50%)",,4,61,164,14543,8.61E-03,"CD5L,F2,CFI,F9,HP,LPA,MBTPS1,PLG,PROC,F10,PROZ,C1S,CFB,PCSK4,C2,C1RL,KLKB1,HABP2,C1R,HPR,F12"
GO:0031210,GO:MF,phosphatidylcholine binding,"hsl(60,50%,50%)",,2,61,28,14543,1.16E-02,"APOA4,APOA1,IGHM,APOA2,APOC1,PLTP,JCHAIN"
GO:0030168,GO:BP,platelet activation,"hsl(90,50%,50%)",,3,61,104,14543,1.75E-02,"F2,PF4,VWF,DGKK,SAA1,APOE,PF4V1,ACTB,FGA,FGG,GP1BA,FYN,ITPR3,HRG,HBB"
GO:0034774,GO:CC,secretory granule lumen,"hsl(120,50%,50%)",,3,61,115,14543,2.34E-02,"ALB,ITIH4,A2M,TF,PF4,GSN,APOA1,VWF,CLU,ORM2,KNG1,HP,TTR,PPBP,APOH,SERPING1,C3,SERPINA3,PLG,SELENOP,FGA,FGG,SERPINA1,ECM1,FN1,IGF2,SERPINF2,ITIH3,CLEC3B,LRG1,AHSG,CFP,THBS1,F5,PROS1,A1BG,ORM1,SERPINA4,HRG"
GO:0038096,GO:BP,Fc-gamma receptor signaling pathway involved in phagocytosis,"hsl(200,50%,50%)",,3,61,132,14543,3.61E-02,"IGHG4,IGHG1,IGKV3-11,ACTB,IGKV1D-16,IGHG2,IGKV4-1,IGHV3-13,IGLV1-47,IGKV3-20,IGKV2D-40,IGKV2-28,IGLV3-21,IGKV2D-28,IGLV3-25,IGHV4-34,IGLV3-19,FYN,IGLV1-44,IGLV1-40,IGLC3,IGKV1D-12,IGHV3-7,IGHV3-30-5,IGHV4-39,IGHV1-2"
GO:0005102,GO:MF,signaling receptor binding,"hsl(210,50%,50%)",,5,61,370,14543,3.87E-02,"IGHA1,IGHG4,A2M,F2,TF,PF4,APOA1,VWF,SAA2,CLU,IGHV3-15,IGHG1,KNG1,IGHM,AGT,SAA1,TTR,PPBP,APOA2,IGHV4-28,APOE,PF4V1,SAA4,C3,C5,APOF,PLG,IGHV7-4-1,FGA,FGG,TSPOAP1,ECM1,IGHG2,FN1,IGLL5,IGHV3-13,IGHV4-61,VTN,ADIPOQ,IGF2,IGHV3-74,SEMA4D,OPHN1,LRG1,FLOT2,RELN,IGHV3-38,CFL1,IGHV4-34,IGHV3-35,APOB,THBS1,FYN,COL2A1,KAT5,IGHV6-1,CASR,APOC3,JCHAIN,LBP,KRT17,IGHV3-72,IGHV3-66,IGLC3,IGHV3-64,IGHV5-51,IGHV3-73,IGHV4-30-2,USP20,IGHV3-7,IGHV3-30-5,IGHV4-39,IGHV1-2,HRG,IGHA2,JAK2"
