Uniport_ID,Gene
Q8NFI4,ST13P5
P0DOX6,0
P01876,IGHA1
P0DOX6,0
P02768,ALB
P02768,ALB
P30153,PPP2R1A
P02790,HPX
Q8NHJ6,LILRB4
P06727,APOA4
P02774,GC
O43866,CD5L
P01876,IGHA1
Q9BXT4,TDRD1
Q8N5S9,CAMKK1
Q14624,ITIH4
P35251,RFC1
P02748,C9
P01861,IGHG4
P05090,APOD
P01023,A2M
P55056,APOC4
P57771,RGS8
P22352,GPX3
P01876,IGHA1
P00734,F2
P02787,TF
P02748,C9
P10643,C7
Q6ZMW3,EML6
P02776,PF4
P06396,GSN
Q96IY4,CPB2
P02647,APOA1
P05156,CFI
Q9P2T0,THEG
Q9Y2G3,ATP11B
P04275,VWF
O43290,SART1
P0DJI9,SAA2
P50548,ERF
P10909,CLU
P02760,AMBP
P36952,SERPINB5
P02647,APOA1
Q02325,PLGLB1
P00740,F9
P55157,MTTP
P08603,CFH
A0A0B4J1V0,IGHV3-15
P13591,NCAM1
P01857,IGHG1
P04433,IGKV3-11
Q5KSL6,DGKK
Q5HYI7,MTX3
P19652,ORM2
P43652,AFM
Q15166,PON3
P27658,COL8A1
P06396,GSN
SWISS-PROT:P00761,#N/A
P01042,KNG1
P78411,IRX5
Q92547,TOPBP1
P00738,HP
P02647,APOA1
P04003,C4BPA
Q9UBF2,COPG2
Q969G2,LHX4
O94988,FAM13A
Q92616,GCN1
Q96KN2,CNDP1
P36980,CFHR2
P01871,IGHM
Q6YN16,HSDL2
P08519,LPA
P0DOX7,0
O43405,COCH
Q14587,ZNF268
P01860,IGHG3
P01019,AGT
O60909,B4GALT2
P0DJI8,SAA1
Q9P2X0,DPM3
P02766,TTR
P02775,PPBP
P20851,C4BPB
P02768,ALB
P01023,A2M
P02790,HPX
P0C0L5,C4B
Q9NRC6,SPTBN5
P23942,PRPH2
Q96PU4,UHRF2
P02749,APOH
Q96IY4,CPB2
P12270,TPR
P02652,APOA2
A0A0C4DH34,IGHV4-28
Q9P104,DOK5
Q6P9A1,ZNF530
Q5VT40,FAM78B
P04264,KRT1
P02649,APOE
P23142,FBLN1
P13645,KRT10
Q401N2,ZACN
P10720,PF4V1
P01857,IGHG1
P06727,APOA4
Q14703,MBTPS1
A6NFQ2,TCAF2
P05155,SERPING1
P46937,YAP1
P35542,SAA4
P01834,IGKC
P01024,C3
P10515,DLAT
P36980,CFHR2
P01031,C5
P01860,IGHG3
Q13790,APOF
P01011,SERPINA3
P0C0L4,C4A
P00747,PLG
Q96PD5,PGLYRP2
A0A0J9YVY3,IGHV7-4-1
P01023,A2M
Q96RW7,HMCN1
Q9BUY5,ZNF426
P01023,A2M
,#N/A
P20742,PZP
P01857,IGHG1
Q9H568,ACTL8
Q70EL2,USP45
Q14624,ITIH4
P00450,CP
P35858,IGFALS
P19823,ITIH2
Q9NQC8,IFT46
P02768,ALB
P60709,ACTB
P01011,SERPINA3
O14559,ARHGAP33
Q92185,ST8SIA1
P51884,LUM
Q8NFW9,MYRIP
P49908,SELENOP
P02671,FGA
P01024,C3
Q96PD5,PGLYRP2
P59665,DEFA1
P02774,GC
Q12756,KIF1A
Q8NCN5,PDPR
P02776,PF4
P02679,FGG
P49247,RPIA
P06396,GSN
O14578,CIT
P01009,SERPINA1
O95153,TSPOAP1
P49406,MRPL19
Q9P278,FNIP2
Q8WZ42,TTN
P02655,APOC2
P04259,KRT6B
Q7Z304,MAMDC2
Q16610,ECM1
P02768,ALB
O14791,APOL1
P02746,C1QB
O00748,CES2
Q8N9W8,FAM71D
P01601,IGKV1D-16
P01859,IGHG2
P30153,PPP2R1A
P48544,KCNJ5
P04070,PROC
P02751,FN1
Q5JSL3,DOCK11
A0A0C4DH68,IGKV2-24
P23142,FBLN1
Q7Z794,KRT77
Q9H095,IQCG
P07359,GP1BA
Q8IVF7,FMNL3
Q68DQ2,CRYBG3
A0A075B6S9,IGKV1-37
P19823,ITIH2
B9A064,IGLL5
Q13360,ZNF177
A0A0C4DH67,IGKV1-8
P00742,F10
P06312,IGKV4-1
P0DP01,IGHV1-8
P01766,IGHV3-13
P0C0L5,C4B
P20742,PZP
P01859,IGHG2
P01700,IGLV1-47
P01619,IGKV3-20
P13671,C6
Q8NCG5,CHST4
Q9UJQ1,LAMP5
P82930,MRPS34
P22792,CPN2
Q9ULS5,TMCC3
P01031,C5
Q8N8A6,DDX51
Q16637,SMN1
,#N/A
P47989,XDH
A0A0C4DH41,IGHV4-61
Q5T1R4,HIVEP3
Q5U651,RASIP1
P04004,VTN
Q8TEW0,PARD3
P0DOX2,0
Q96M94,KLHL15
P02654,APOC1
P0C0L5,C4B
Q15848,ADIPOQ
P01344,IGF2
A0A0B4J1X5,IGHV3-74
Q86Z02,HIPK1
Q8WXI7,MUC16
P01614,IGKV2D-40
P26440,IVD
P08697,SERPINF2
A0A075B6P5,IGKV2-28
P06727,APOA4
P25311,AZGP1
P0DOX5,0
Q9UPR3,SMG5
Q8NFU5,IPMK
P02768,ALB
Q96AP0,ACD
Q68DX3,FRMPD2
P00915,CA1
P0C0L4,C4A
Q9H5Q4,TFB2M
Q9NRH1,YAE1
A0A075B6K4,IGLV3-10
Q06033,ITIH3
Q5TEJ8,THEMIS2
Q92854,SEMA4D
P00734,F2
O60890,OPHN1
O94915,FRYL
P07360,C8G
P80748,IGLV3-21
P05452,CLEC3B
Q499Z4,ZNF672
P01615,IGKV2D-28
Q16594,TAF9
A0A087WSY6,IGKV3D-15
Q5TID7,CCDC181
P19823,ITIH2
Q9NRC8,SIRT7
P02750,LRG1
Q14254,FLOT2
P78509,RELN
Q96PH1,NOX5
P22891,PROZ
P01834,IGKC
P02765,AHSG
P01859,IGHG2
Q15034,HERC3
P12830,CDH1
Q06210,GFPT1
P06276,BCHE
Q6P3X3,TTC27
A0A0C4DH36,IGHV3-38
O60667,FCMR
P01023,A2M
P08697,SERPINF2
P53597,SUCLG1
P02790,HPX
P23528,CFL1
P04264,KRT1
P22897,MRC1
Q7Z5L0,VMO1
P01717,IGLV3-25
Q9BXT5,TEX15
Q9BRJ2,MRPL45
P19827,ITIH1
P06331,IGHV4-34
Q8NEL0,CCDC54
P09871,C1S
Q8TF30,WHAMM
P00738,HP
O95954,FTCD
P27169,PON1
A0A075B6K5,IGLV3-9
P00751,CFB
P02768,ALB
P08603,CFH
Q9Y467,SALL2
A0A0C4DH69,IGKV1-9
P20701,ITGAL
A0A0C4DH35,IGHV3-35
P01042,KNG1
P55058,PLTP
P36955,SERPINF1
O75310,UGT2B11
Q6ZN30,BNC2
O95445,APOM
A0A075B6I9,IGLV7-46
P01714,IGLV3-19
P08519,LPA
Q7Z3G6,PRICKLE2
Q7Z333,SETX
Q03591,CFHR1
P05452,CLEC3B
P22792,CPN2
P08697,SERPINF2
P27918,CFP
P17030,ZNF25
P04114,APOB
O60268,KIAA0513
P05160,F13B
P07996,THBS1
P07996,THBS1
Q96IG2,FBXL20
P00747,PLG
Q16880,UGT8
P00747,PLG
P12259,F5
P15169,CPN1
P02042,HBD
P69905,HBA1;
P30086,PEBP1
P0C0L4,C4A
P02749,APOH
P14151,SELL
O43347,MSI1
Q9UPV0,CEP164
P04180,LCAT
Q3SY84,KRT71
Q86YV5,PRAG1
P05543,SERPINA7
P01023,A2M
Q7Z2Y8,GVINP1
P06241,FYN
P02458,COL2A1
P07225,PROS1
P51884,LUM
Q92993,KAT5
Q14693,LPIN1
Q7RTX0,TAS1R3
P0DOX7,0
P08519,LPA
Q6UW60,PCSK4
P43251,BTD
P06681,C2
Q658P3,STEAP3
A0A0B4J1U7,IGHV6-1
Q01546,KRT76
Q9HCK8,CHD8
P35527,KRT9
P41180,CASR
P06396,GSN
A6NDY0,PABPN1L
Q7Z6B7,SRGAP1
P01008,SERPINC1
P08603,CFH
P01024,C3
P02042,HBD
Q5T011,SZT2
P02656,APOC3
P07357,C8A
Q9NS85,CA10
Q9NZP8,C1RL
P00734,F2
Q92878,RAD50
P0C0L5,C4B
P01591,JCHAIN
Q9H1X3,DNAJC25
P01031,C5
Q6NUM9,RETSAT
Q8WU76,SCFD2
P08519,LPA
Q9NQ66,PLCB1
P49750,YLPM1
Q9BYX2,TBC1D2
P02768,ALB
O75882,ATRN
Q8NFB2,TMEM185A
P02743,APCS
Q9H239,MMP28
Q8IUG5,MYO18B
P18428,LBP
P05546,SERPIND1
P01699,IGLV1-44
P05543,SERPINA7
P00734,F2
Q14147,DHX34
P36955,SERPINF1
P03952,KLKB1
Q04695,KRT17
Q92835,INPP5D
Q99684,GFI1
A0A0B4J1Y9,IGHV3-72
P19827,ITIH1
P0DOX4,0
P02649,APOE
P19823,ITIH2
P0C0L5,C4B
P0DOX3,0
P04114,APOB
P01024,C3
Q14997,PSME4
P01857,IGHG1
Q13330,MTA1
P14621,ACYP2
A0A0C4DH42,IGHV3-66
P01859,IGHG2
P04278,SHBG
P48167,GLRB
Q9P0L2,MARK1
P00747,PLG
Q9NZ56,FMN2
A0A0B4J1Z2,IGKV1D-43
P01703,IGLV1-40
P02768,ALB
Q9UJ41,RABGEF1
P0C0L4,C4A
P0DOX7,0
O60431,OR1I1
P02748,C9
Q15059,BRD3
P35557,GCK
P0DOY3,IGLC3
P01611,IGKV1D-12
P0C0L5,C4B
P55884,EIF3B
Q14520,HABP2
P00450,CP
P02768,ALB
Q5VT97,SYDE2
P02745,C1QA
P05156,CFI
O75636,FCN3
P78324,SIRPA
A0A075B6Q5,IGHV3-64
P02768,ALB
Q14197,MRPL58
Q04725,TLE2
Q5VYM1,C9orf131
Q9NXL9,MCM9
A0A0C4DH38,IGHV5-51
A0A0B4J1V6,IGHV3-73
A0A087WSY4,IGHV4-30-2
P01859,IGHG2
P04217,A1BG
O43908,KLRC4
A0A0B4J1V6,IGHV3-73
P00738,HP
P02747,C1QC
Q8N3D4,EHBP1L1
P07358,C8B
Q03591,CFHR1
Q13129,RLF
P01008,SERPINC1
Q4G0P3,HYDIN
Q9Y2K6,USP20
P01860,IGHG3
Q5HYC2,KIAA2026
P04114,APOB
O60500,NPHS1
P01008,SERPINC1
P00736,C1R
P00739,HPR
Q8IVE3,PLEKHH2
P01861,IGHG4
P0DP01,IGHV1-8
Q8TDB6,DTX3L
P80748,IGLV3-21
P01871,IGHM
P00748,F12
Q9H0R1,AP5M1
P0DOX5,0
A0A0C4DH38,IGHV5-51
P20742,PZP
P01780,IGHV3-7
P02763,ORM1
P19827,ITIH1
P01860,IGHG3
P01859,IGHG2
P01859,IGHG2
Q14573,ITPR3
P08185,SERPINA6
P0DP03,IGHV3-30-5
P14410,SI
P01780,IGHV3-7
Q8NF99,ZNF397
P43652,AFM
P02768,ALB
Q9H3P2,NELFA
A6NNL5,C15orf61
P01824,IGHV4-39
P29622,SERPINA4
P23083,IGHV1-2
P02774,GC
P00734,F2
P02753,RBP4
P04196,HRG
P01877,IGHA2
P68871,HBB
O60674,JAK2
P05452,CLEC3B
