"","x"
"1","TTR"
"2","acute-phase response ( 11 )"
"3","TTR-RBP complex ( RBP4,TTR )"
"4","RPIA"
"5","GC"
"6","C9"
"7","endocytic vesicle lumen ( 6 )"
"8","MYRIP"
"9","IGHG3"
"10","IGLV1-47"
"11","C4BPA"
"12","SAA1"
"13","ITIH4"
"14","SAA2"
"15","TDRD1"
"16","IGHV3-38"
"17","SIRT7"
"18","RFC1"
"19","ZACN"
"20","SERPINA1"
"21","platelet activation ( 14 )"
"22","RBP4/TTR"
"23","A2M"
"24","IGHV3-35"
"25","PDPR"
"26","CAMKK1"
"27","extracellular exosome ( 83 )"
"28","signaling receptor binding ( 40 )"
"29","PRICKLE2"
"30","SERPINB5"
